value,quantized_int8,dequantized,abs_error,rel_error_pct
0.1,1,0.15748031496062992,0.057480314960629914,57.48031496062991
0.5,3,0.47244094488188976,0.027559055118110243,5.511811023622048
1.0,6,0.9448818897637795,0.055118110236220486,5.511811023622048
2.0,13,2.047244094488189,0.04724409448818889,2.3622047244094446
4.0,25,3.937007874015748,0.06299212598425186,1.5748031496062964
8.0,51,8.031496062992126,0.03149606299212593,0.3937007874015741
16.0,102,16.062992125984252,0.06299212598425186,0.3937007874015741
20.0,127,20.0,0.0,0.0
