{
  "timestamp": "2026-03-17T17:56:03.854623",
  "config": {
    "models": [
      "4b-w4a16"
    ],
    "context_lengths": [
      4096,
      8192,
      16384,
      32768
    ],
    "output_tokens": 128
  },
  "results": {
    "4b-w4a16": {
      "model": {
        "name": "RedHatAI/gemma-3-4b-it-quantized.w4a16",
        "size": "4B",
        "quant": "W4A16",
        "model_vram_gb": 3.0,
        "max_context": 131072
      },
      "configs": {
        "4k": {
          "context_len": 4096,
          "optimal_batch_size": 256,
          "max_throughput": 4066.44294306643,
          "avg_throughput": 4064.3383660805894
        },
        "8k": {
          "context_len": 8192,
          "optimal_batch_size": 256,
          "max_throughput": 4067.2774423938836,
          "avg_throughput": 4059.8047234316227
        },
        "16k": {
          "context_len": 16384,
          "optimal_batch_size": 256,
          "max_throughput": 4036.9332965986423,
          "avg_throughput": 4032.2338355211314
        },
        "32k": {
          "context_len": 32768,
          "optimal_batch_size": 256,
          "max_throughput": 4014.429211103859,
          "avg_throughput": 4012.658739109859
        }
      }
    }
  }
}